name,age,years_of_experience,current_salary
Jacob,21,1,12500
Michael,22,2,15700
Matthew,22,1,10000
Joshua,21,1,10022
Christopher,23,2,15000
Nicholas,23,1,10132
Andrew,23,3,20140
Joseph,24,3,21000
Daniel,24,3,18500
Tyler,25,2,13800
William,26,3,18990
Brandon,27,4,25000
Ryan,28,3,27000
John,28,5,23800
Zachary,28,4,20300
David,28,6,30000
Anthony,29,7,35000
James,29,6,26000
Justin,30,7,31800
Alexander,30,5,29000
Jonathan,30,4,20000
Christian,31,5,28000
Austin,31,6,30000
Dylan,32,9,36000
Ethan,33,10,50000
Benjamin,33,6,28000
Noah,33,7,21000
Samuel,29,5,26000
Robert,34,14,30000
Nathan,22,2,13000
Cameron,35,7,29000
Kevin,25,3,25000
Thomas,28,4,19000
Jose,35,7,29000
Hunter,38,14,31600
Jordan,27,5,27060
Kyle,36,8,36000
Caleb,36,4,25000
Jason,22,1,90000
Logan,26,3,14700
Aaron,29,5,28000
Eric,36,8,47000
Brian,24,1,12000
Gabriel,36,13,48000
Adam,30,7,36000
Jack,28,3,20000
Isaiah,22,1,12500
Juan,26,3,27000
Luis,37,9,38900
Connor,22,1,12089
Charles,24,3,15698
Elijah,22,1,12896
Isaac,24,3,16125
Steven,23,2,13245
Evan,23,2,15064
Jared,28,4,19455
Sean,24,3,15458
Timothy,30,5,19529
Luke,43,22,40682
Cody,44,19,38698
Nathaniel,30,15,58709
Alex,23,1,12505
Seth,28,5,23834
Mason,24,2,14131
Richard,23,1,13026
Carlos,22,1,11000
Angel,28,4,33250
Patrick,24,2,12044
Devin,30,18,64919
Bryan,43,25,72910
Cole,44,29,86441
Jackson,38,12,30600
Ian,28,3,25000
Garrett,39,13,32000
Trevor,23,1,11000
Jesus,29,6,27080
Chase,30,7,29644
Adrian,25,3,16000
Mark,23,1,12080
Blake,39,17,38000
Sebastian,26,3,25000
Antonio,22,1,11600
Lucas,28,6,27060
Jeremy,33,8,35000
Gavin,40,23,46000
Miguel,27,5,29090
Julia,29,7,22800
Dakota,31,9,27000
Alice,44,23,31500
Jesse,49,26,42060
Dalton,23,2,13500
Bryce,28,6,20000
Tanner,31,8,24070
Kenneth,22,1,11200
Stephen,30,8,28200
Jake,37,16,36600
Victor,26,4,15900
Spencer,38,17,35600
Marcus,46,25,53580
Paul,22,1,11000
Brendan,25,3,15500
Jeremiah,28,4,23800
Xavier,32,7,38400
Jeffrey,30,6,31000
Tristan,22,1,12500
Jalen,28,3,14700
Jorge,23,1,12380
Edward,24,2,15000
Riley,24,1,16000
Colton,29,5,27000
Wyatt,26,3,29500
Joel,22,1,13000
Maxwell,27,4,19000
Aidan,35,11,30000
Travis,33,8,26400
Shane,32,9,36500
Colin,29,5,34000
Dominic,28,4,24500
Carson,25,3,23800
Vincent,43,17,29000
Derek,35,8,22600
Oscar,22,1,9500
Grant,30,7,25000
Eduardo,36,11,25700
Peter,42,9,29500
Henry,30,5,26700
Parker,28,3,24500
Collin,48,13,44000
Hayden,44,10,28200
George,24,2,15000
Bradley,23,1,10500
Mitchell,22,1,9000
Devon,35,7,19000
Ricardo,44,12,28500
Shawn,23,1,12000
Taylor,37,10,30400
Nicolas,40,13,34600
Gregory,23,1,12000
Francisco,22,1,11000
Liam,25,3,17300
Kaleb,29,7,25800
Preston,38,13,32500
Erik,30,5,21000
Alexis,27,5,20000
Owen,31,6,23700
Omar,32,5,35000
Diego,35,6,39500
Dustin,29,5,24800
Corey,42,5,45600
Fernando,43,15,27000
Clayton,33,7,33600
Carter,38,6,34000
Ivana,36,10,34000
Jaden,36,12,27000
Javier,27,5,23000
Alec,28,6,48000
Johnathan,24,5,36000
Scott,22,6,32000
Manuel,27,5,18000
Cristian,32,6,34680
Alan,28,4,24000
Raymond,27,4,27000
Brett,32,4,24000
Max,27,3,34000
Andres,39,13,32800
Gage,28,5,25000
Mario,26,3,15000
Dawson,26,3,17000
Dillon,27,4,26000
Cesar,26,4,23000
Wesley,24,2,15000
Levi,26,3,18000
Jakob,24,2,15000
Chandler,31,6,22000
Martin,27,4,17000
Malik,28,5,20000
Edgar,31,8,28000
Sergio,34,8,23600
Trenton,25,3,18000
Josiah,26,3,15000
Nolan,36,8,23000
Marco,29,4,35600
Peyton,32,7,31000
Harrison,35,6,22000
Hector,34,8,29000
Micah,44,14,35000
Roberto,41,11,24000
Drew,26,3,19000
Brady,29,5,22000
Erica,24,2,15000
Conner,22,1,11000
Jonah,29,7,25000
Casey,22,1,12000
Jayden,25,3,18000
Edwin,22,1,9000
Emmanuel,26,3,17000
Andre,28,3,16000
Phillip,29,5,19000
Brayden,31,7,23000
Landon,22,1,11000
Giovanni,35,8,26000
Bailey,23,2,15000
Ronald,42,10,37000
Braden,23,1,9000
Damian,22,1,10500
Donovan,38,5,30000
Ruben,26,3,17000
Frank,27,4,23000
Gerardo,23,2,14700
Pedro,24,2,18000
Andy,25,3,19000
Chance,30,7,22000
Abraham,27,4,19000
Calvin,23,1,12500
Trey,40,7,29000
Cade,26,3,17000
Donald,30,7,25000
Derrick,25,3,15000
Payton,29,4,22000
Darius,22,1,12500
Enrique,38,12,33000
Keith,25,3,17000
Raul,25,3,15000
Jaylen,24,2,19000
Troy,30,7,25000
Jonathon,22,1,7000
Cory,22,1,11000
Marc,28,5,21000
Eli,27,5,22000
Skyler,29,7,19000
Rafael,30,6,24000
Trent,23,1,11000
Griffin,41,8,34000
Colby,42,12,39000
Johnny,32,8,23000
Chad,24,2,12500
Armando,29,4,34000
Kobe,22,1,6500
Caden,30,8,34000
Marcos,34,10,27300
Cooper,22,1,12000
Elias,22,1,9000
Brenden,25,3,21000
Israel,32,7,20000
Avery,36,9,23000
Zane,39,16,51000
Dante,46,22,58000
Josue,40,12,30000
Zackary,34,11,25000
Allen,42,14,35000
Mathew,22,1,11000
Dennis,26,5,20000
Leonardo,30,6,24000
Ashton,35,8,19000
Philip,27,4,17800
Julio,25,3,15000
Miles,39,16,29000
Damien,41,18,35000
Ty,47,20,43000
Gustavo,39,15,25000
Drake,42,15,30000
Jaime,48,18,37000
Simon,23,1,12000
Jerry,27,4,25000
Curtis,29,7,36000
Kameron,22,1,12000
Lance,24,2,12500
Brock,23,2,12000
Bryson,27,4,18000
Alberto,36,13,26000
Dominick,37,11,20000
Jimmy,38,13,29000
Kaden,29,7,20000
Douglas,40,17,32000
Gary,45,20,52000
Brennan,43,16,39000
Zachery,50,25,38000
Randy,38,13,29000
Louis,36,10,30000
Larry,37,11,29000
Nickolas,48,20,36000
Albert,22,1,9000
Tony,25,3,15000
Fabian,24,2,12000
Keegan,28,5,23000
Saul,43,20,29000
Danny,40,17,30000
Olivia,23,1,11000
Myles,30,7,46000
Damon,27,4,20000
Arturo,30,7,29000
Corbin,30,7,25000
Deandre,50,28,80000
Ricky,45,20,40000
Kristopher,23,1,11000
Lane,22,1,6500
Pablo,44,21,36700
Darren,34,11,24000
Jarrett,40,23,44000
Zion,33,8,21000
Alfredo,28,4,30000
Micheal,50,29,62000
Angelo,45,20,37000
Carl,35,8,25000
Oliver,27,4,22000
Kyler,36,12,34000
Tommy,38,15,39000
Walter,44,19,36700
Dallia,42,20,30000
Jace,35,12,29000
Quinna,28,6,21000
Theodore,29,8,25000
Grayson,24,2,15000
Lorenzo,29,8,36700
Joe,23,1,12500
Ben,41,15,32000
